1,0,1,spray/spray0
2,1,2,spray/spray1
3,2,3,spray/spray2
4,3,4,spray/spray3
5,4,5,spray/spray4
6,5,6,spray/spray5
7,6,7,spray/spray6
8,7,8,spray/spray7
9,8,9,spray/spray8
10,9,10,spray/spray9
11,10,11,spray/spray10
12,11,12,spray/spray11
13,12,13,spray/spray12
14,13,14,spray/spray13
15,14,15,spray/spray14
16,15,16,spray/spray15
17,16,17,spray/spray16
18,17,18,spray/spray17
19,18,19,spray/spray18
20,19,20,spray/spray19
21,20,21,spray/spray20
22,21,22,spray/spray21
23,22,23,spray/spray22
24,23,24,spray/spray23
25,24,25,spray/spray24
26,25,26,spray/spray25
27,26,27,spray/spray26
28,27,28,spray/spray27
29,28,29,spray/spray28
30,29,30,spray/spray29